timestamp,username,event,extra
2025-10-08T20:04:02.124710,Shamita,Normal,
2025-10-08T20:04:02.922627,Shamita,Normal,
2025-10-08T20:04:03.686949,Shamita,Normal,
2025-10-08T20:04:04.510695,Shamita,Normal,
2025-10-08T20:04:05.309146,Shamita,Normal,
2025-10-08T20:04:06.100156,Shamita,Normal,
2025-10-08T20:04:06.892791,Shamita,Normal,
2025-10-08T20:04:07.709084,Shamita,Normal,
2025-10-08T20:04:08.499703,Shamita,Normal,
2025-10-08T20:04:09.259334,Shamita,Normal,
2025-10-08T20:04:10.023770,Shamita,Normal,
2025-10-08T20:04:10.834145,Shamita,Normal,
2025-10-08T20:04:11.599976,Shamita,Normal,
2025-10-08T20:04:12.373494,Shamita,Normal,
2025-10-08T20:04:13.156739,Shamita,Normal,
2025-10-08T20:04:14.002937,Shamita,Normal,
2025-10-08T20:04:14.772726,Shamita,Normal,
2025-10-08T20:04:15.577100,Shamita,Normal,
2025-10-08T20:04:16.385264,Shamita,Normal,
2025-10-08T20:04:17.161959,Shamita,Normal,
2025-10-08T20:04:17.954946,Shamita,Normal,
2025-10-08T20:04:18.761490,Shamita,Normal,
2025-10-08T20:04:19.606706,Shamita,Normal,
2025-10-08T20:04:20.390411,Shamita,Normal,
2025-10-08T20:04:21.174394,Shamita,Normal,
2025-10-08T20:04:21.942963,Shamita,Normal,
2025-10-08T20:04:22.720509,Shamita,Normal,
2025-10-08T20:04:23.488658,Shamita,Normal,
2025-10-08T20:04:24.277115,Shamita,Normal,
2025-10-08T20:04:25.113834,Shamita,Normal,
2025-10-08T20:04:25.870733,Shamita,Normal,
2025-10-08T20:04:26.686780,Shamita,Normal,
2025-10-08T20:04:27.506109,Shamita,Normal,
2025-10-08T20:04:28.284945,Shamita,Normal,
2025-10-08T20:04:29.188140,Shamita,Normal,
2025-10-08T20:04:29.971427,Shamita,Normal,
2025-10-08T20:04:30.804264,Shamita,Normal,
2025-10-08T20:04:31.586452,Shamita,Normal,
2025-10-08T20:04:32.423613,Shamita,Normal,
2025-10-08T20:04:33.205235,Shamita,Normal,
2025-10-08T20:04:34.032543,Shamita,Normal,
2025-10-08T20:04:34.837227,Shamita,Normal,
2025-10-08T20:04:35.654830,Shamita,Normal,
2025-10-08T20:04:36.463403,Shamita,Normal,
2025-10-08T20:04:37.268672,Shamita,Normal,
